"scenario","sample","timestamp_utc","app_cpu_percent","app_memory_mib","app_pids","db_cpu_percent","db_memory_mib","db_pids","containers_cpu_percent_total","containers_memory_mib_total","containers_pids_total","vm_cpu_percent","vm_working_set_mib","vm_private_mib"
"idle","1","2026-07-28T08:47:29.1246642Z","0.051","88.62","8","1.572","471.3","46","1.623","559.92","54","15","1382.238","1916.766"
"idle","2","2026-07-28T08:47:31.4403333Z","0.047","88.62","8","3.48","471.3","46","3.527","559.92","54","14","1383.195","1917.707"
"idle","3","2026-07-28T08:47:33.7495519Z","0.072","88.62","8","1.859","471.3","46","1.931","559.92","54","0","1382.762","1914.281"
"idle","4","2026-07-28T08:47:35.9191076Z","0.051","88.62","8","1.633","471.3","46","1.684","559.92","54","3","1382.77","1914.785"
"idle","5","2026-07-28T08:47:38.1370526Z","0.061","88.62","8","3.116","471.3","46","3.177","559.92","54","0","1382.785","1916.348"
"idle","6","2026-07-28T08:47:40.3753006Z","0.056","88.62","8","1.688","471.3","46","1.744","559.92","54","0","1382.785","1916.348"
"idle","7","2026-07-28T08:47:42.5809584Z","0.066","88.62","8","1.525","471.3","46","1.591","559.92","54","18","1384.598","1918.16"
"idle","8","2026-07-28T08:47:44.7817143Z","0.046","88.62","8","3.147","471.3","46","3.193","559.92","54","14","1383.477","1918.16"
"idle","9","2026-07-28T08:47:47.0532666Z","0.042","88.62","8","1.549","471.3","46","1.591","559.92","54","0","1383.477","1918.16"
"idle","10","2026-07-28T08:47:49.2888456Z","0.057","88.62","8","2.827","471.3","46","2.884","559.92","54","7","1384.914","1921.535"
